{
  "Categories": [
    {
      "MainCategory": "Live TV",
      "SubCategories": [
        "Entertainment"
      ],
      "Entries": [
      {
          "Title": "TV5",
          "SubCategory": "General Entertainment",
          "Country": "Philippines",
          "Description": "TV5 is a major Philippine television network offering a mix of local and international programming, including news, entertainment, and sports.",
          "Poster": "https://i.imgur.com/Ufp278A.png",
          "Thumbnail": "https://i.imgur.com/Ufp278A.png",
          "Rating": 0,
          "Duration": "",
          "Year": 0,
          "Servers": [
            {
              "name": "HD",
              "url": "https://qp-pldt-live-grp-02-prod.akamaized.net/out/u/tv5_hd.mpd",
              "license": "2615129ef2c846a9bbd43a641c7303ef:07c7f996b1734ea288641a68e1cfdc4d",
              "drm": true
            }
          ]
        },
        {
          "Title": "A2Z (ABS-CBN)",
          "SubCategory": "",
          "Country": "🇵🇭 Philippines",
          "Description": "A2Z is a Philippine free-to-air blocktime broadcast television network based in Quezon City, with its studios located in Ortigas Center, Pasig. It serves as a flagship property of ZOE Broadcasting Network, the broadcast media arm of Jesus Is Lord Church Worldwide, in partnership with ABS-CBN Corporation as its main content provider through a blocktime agreement.",
          "Poster": "https://i.imgur.com/43nZ2rv.png",
          "Thumbnail": "https://i.imgur.com/43nZ2rv.png",
          "Rating": null,
          "Duration": "",
          "Year": 2020,
          "Servers": [
            {
              "name": "1080p",
              "url": "https://qp-pldt-live-grp-02-prod.akamaized.net/out/u/cg_a2z.mpd",
              "license": "f703e4c8ec9041eeb5028ab4248fa094:c22f2162e176eee6273a5d0b68d19530",
              "drm": true
            },
            {
              "name": "720p",
              "url": "https://qp-pldt-live-grp-02-prod.akamaized.net/out/u/tv5_5.m3u8"
            },
            {
              "name": "480p",
              "url": "https://qp-pldt-live-grp-02-prod.akamaized.net/out/u/tv5_4.m3u8"
            },
            {
              "name": "360p",
              "url": "https://qp-pldt-live-grp-02-prod.akamaized.net/out/u/tv5_3.m3u8"
            },
            {
              "name": "240p",
              "url": "https://qp-pldt-live-grp-02-prod.akamaized.net/out/u/tv5_2.m3u8"
            },
            {
              "name": "144p",
              "url": "https://qp-pldt-live-grp-02-prod.akamaized.net/out/u/tv5_1.m3u8"
            }
          ]
        }
      ]
    },
    {
      "MainCategory": "Movies",
      "SubCategories": [
        "Action",
        "Comedy",
        "Drama",
        "Horror",
        "Sci-Fi",
        "Science Fiction"
      ],
      "Entries": [
        {
          "Title": "Jurassic World Rebirth",
          "SubCategory": "Science Fiction",
          "Country": "",
          "Description": "Five years after the events of Jurassic World Dominion, covert operations expert Zora Bennett is contracted to lead a skilled team on a top-secret mission to secure genetic material from the world's three most massive dinosaurs. When Zora's operation intersects with a civilian family whose boating expedition was capsized, they all find themselves stranded on an island where they come face-to-face with a sinister, shocking discovery that's been hidden from the world for decades.",
          "Poster": "https://image.tmdb.org/t/p/w500/1RICxzeoNCAO5NpcRMIgg1XT6fm.jpg",
          "Thumbnail": "https://image.tmdb.org/t/p/w500/1RICxzeoNCAO5NpcRMIgg1XT6fm.jpg",
          "Rating": 6,
          "Duration": "2:14",
          "Year": 2025,
          "parentalRating": "PG-13",
          "Servers": [
            {
              "name": "VidSrc 1080p",
              "url": "https://vidsrc.net/embed/movie/1234821"
            },
            {
              "name": "VidJoy 1080p",
              "url": "https://vidjoy.pro/embed/movie/1234821"
            }
          ]
        }
      ]
    },
    {
      "MainCategory": "TV Series",
      "SubCategories": [
        "Anime",
        "Action",
        "Comedy",
        "Drama",
        "Animation"
      ],
      "Entries": [
        {
          "Title": "Jurassic World Camp Cretaceous",
          "SubCategory": "Animation",
          "Country": "",
          "Description": "Six teens attending an adventure camp on the opposite side of Isla Nublar must band together to survive when dinosaurs wreak havoc on the island.",
          "Poster": "https://image.tmdb.org/t/p/w500/nkCbCmlwjwT6QL44DqG7qE9ch8H.jpg",
          "Thumbnail": "https://image.tmdb.org/t/p/w500/nkCbCmlwjwT6QL44DqG7qE9ch8H.jpg",
          "Rating": 8,
          "Year": 2020,
          "parentalRating": "TV-PG",
          "Seasons": [
            {
              "Season": 1,
              "SeasonPoster": "https://image.tmdb.org/t/p/w500/nkCbCmlwjwT6QL44DqG7qE9ch8H.jpg",
              "Episodes": [
                {
                  "Episode": 1,
                  "Title": "Camp Cretaceous",
                  "Duration": "24:00",
                  "Description": "After waiting his whole life to see dinosaurs, lucky Darius wins the chance to join five other campers on Isla Nublar for a once-in-a-lifetime adventure.",
                  "Thumbnail": "https://image.tmdb.org/t/p/w500/8zJZe3Cbl0jBHVuHd6FIZHcL6is.jpg",
                  "Servers": [
                    {
                      "name": "VidSrc 1080p",
                      "url": "https://vidsrc.net/embed/tv/93741/1/1"
                    },
                    {
                      "name": "VidJoy 1080p",
                      "url": "https://vidjoy.pro/embed/tv/93741/1/1"
                    }
                  ]
                },
                {
                  "Episode": 2,
                  "Title": "Secrets",
                  "Duration": "24:00",
                  "Description": "With the rest of the crew off visiting a genetics lab, Kenji sneaks Darius into the park's top-secret underbelly — and straight into danger.",
                  "Thumbnail": "https://image.tmdb.org/t/p/w500/odaZuRA3gFfNdSPmYBKlE6Y7VuJ.jpg",
                  "Servers": [
                    {
                      "name": "VidSrc 1080p",
                      "url": "https://vidsrc.net/embed/tv/93741/1/2"
                    },
                    {
                      "name": "VidJoy 1080p",
                      "url": "https://vidjoy.pro/embed/tv/93741/1/2"
                    }
                  ]
                },
                {
                  "Episode": 3,
                  "Title": "The Cattle Drive",
                  "Duration": "24:00",
                  "Description": "The campers hop into their Gyrospheres to help move a dinosaur herd toward fresh grazing lands. But an incoming storm stirs up unexpected trouble.",
                  "Thumbnail": "https://image.tmdb.org/t/p/w500/qfCO7yl6UdxamXN6a6RkiOaUsMw.jpg",
                  "Servers": [
                    {
                      "name": "VidSrc 1080p",
                      "url": "https://vidsrc.net/embed/tv/93741/1/3"
                    },
                    {
                      "name": "VidJoy 1080p",
                      "url": "https://vidjoy.pro/embed/tv/93741/1/3"
                    }
                  ]
                },
                {
                  "Episode": 4,
                  "Title": "Things Fall Apart",
                  "Duration": "24:00",
                  "Description": "Darius remembers the promise he made to his dad. Elsewhere on the island, the campers find themselves face-to-face with a newly freed threat.",
                  "Thumbnail": "https://image.tmdb.org/t/p/w500/8osQlGLNeqzqCR5xbthJWeQHkmr.jpg",
                  "Servers": [
                    {
                      "name": "VidSrc 1080p",
                      "url": "https://vidsrc.net/embed/tv/93741/1/4"
                    },
                    {
                      "name": "VidJoy 1080p",
                      "url": "https://vidjoy.pro/embed/tv/93741/1/4"
                    }
                  ]
                },
                {
                  "Episode": 5,
                  "Title": "Happy Birthday, Eddie!",
                  "Duration": "24:00",
                  "Description": "After a close encounter with the Indominus, the gang seeks shelter in the genetics lab, where a strange scientist reveals the truth about Dr. Wu.",
                  "Thumbnail": "https://image.tmdb.org/t/p/w500/etZS9sumv3HUVkfMQ3BVRvGG45F.jpg",
                  "Servers": [
                    {
                      "name": "VidSrc 1080p",
                      "url": "https://vidsrc.net/embed/tv/93741/1/5"
                    },
                    {
                      "name": "VidJoy 1080p",
                      "url": "https://vidjoy.pro/embed/tv/93741/1/5"
                    }
                  ]
                },
                {
                  "Episode": 6,
                  "Title": "Welcome to Jurassic World",
                  "Duration": "24:00",
                  "Description": "Sammy's secret shocks everyone — but there's no time for anger when an accident unleashes a flock of Pteranodons and forces the crew below ground.",
                  "Thumbnail": "https://image.tmdb.org/t/p/w500/9XqlsYsuGHtuN6Xm1saPVfIiPFU.jpg",
                  "Servers": [
                    {
                      "name": "VidSrc 1080p",
                      "url": "https://vidsrc.net/embed/tv/93741/1/6"
                    },
                    {
                      "name": "VidJoy 1080p",
                      "url": "https://vidjoy.pro/embed/tv/93741/1/6"
                    }
                  ]
                },
                {
                  "Episode": 7,
                  "Title": "Last Day of Camp",
                  "Duration": "24:00",
                  "Description": "The campers leave the Mosasaurus lagoon and fight their way onto the monorail … where Ben gets a chance to face his fears.",
                  "Thumbnail": "https://image.tmdb.org/t/p/w500/3R9lcITcPAJAtTHkttkcCcxlGej.jpg",
                  "Servers": [
                    {
                      "name": "VidSrc 1080p",
                      "url": "https://vidsrc.net/embed/tv/93741/1/7"
                    },
                    {
                      "name": "VidJoy 1080p",
                      "url": "https://vidjoy.pro/embed/tv/93741/1/7"
                    }
                  ]
                },
                {
                  "Episode": 8,
                  "Title": "End of the Line",
                  "Duration": "24:00",
                  "Description": "It's a race against time as the campers make their way to the main dock to catch the last ferry leaving the island. But what if they're too late?",
                  "Thumbnail": "https://image.tmdb.org/t/p/w500/pEwoN0UbJlrjrLv0E5Wk0zXtCVP.jpg",
                  "Servers": [
                    {
                      "name": "VidSrc 1080p",
                      "url": "https://vidsrc.net/embed/tv/93741/1/8"
                    },
                    {
                      "name": "VidJoy 1080p",
                      "url": "https://vidjoy.pro/embed/tv/93741/1/8"
                    }
                  ]
                }
              ]
            },
            {
              "Season": 2,
              "SeasonPoster": "https://image.tmdb.org/t/p/w500/nkCbCmlwjwT6QL44DqG7qE9ch8H.jpg",
              "Episodes": [
                {
                  "Episode": 1,
                  "Title": "A Beacon of Hope",
                  "Duration": "24:00",
                  "Description": "Still stranded on the island — and still reeling from the apparent loss of Ben — the campers make a last-ditch attempt at rescue by sending out an SOS.",
                  "Thumbnail": "https://image.tmdb.org/t/p/w500/3RJZoSuWCdE68pXiDEms6lm2uHk.jpg",
                  "Servers": [
                    {
                      "name": "VidSrc 1080p",
                      "url": "https://vidsrc.net/embed/tv/93741/2/1"
                    },
                    {
                      "name": "VidJoy 1080p",
                      "url": "https://vidjoy.pro/embed/tv/93741/2/1"
                    }
                  ]
                },
                {
                  "Episode": 2,
                  "Title": "The Art of Chill",
                  "Duration": "24:00",
                  "Description": "Darius and Sammy face a moral dilemma while searching the park for supplies. The campers start building a new treehouse. Brooklynn sees something odd.",
                  "Thumbnail": "https://image.tmdb.org/t/p/w500/da2AWHtl4Sfi3cqJYgQZRv6WpOV.jpg",
                  "Servers": [
                    {
                      "name": "VidSrc 1080p",
                      "url": "https://vidsrc.net/embed/tv/93741/2/2"
                    },
                    {
                      "name": "VidJoy 1080p",
                      "url": "https://vidjoy.pro/embed/tv/93741/2/2"
                    }
                  ]
                },
                {
                  "Episode": 3,
                  "Title": "The Watering Hole",
                  "Duration": "24:00",
                  "Description": "Brooklynn, Sammy and Yasmina team up to investigate strange noises in the park. Elsewhere, Darius and Kenji go exploring and witness a majestic sight.",
                  "Thumbnail": "https://image.tmdb.org/t/p/w500/j3KVd6ckzO6JR6xVLAw7VCRYBJs.jpg",
                  "Servers": [
                    {
                      "name": "VidSrc 1080p",
                      "url": "https://vidsrc.net/embed/tv/93741/2/3"
                    },
                    {
                      "name": "VidJoy 1080p",
                      "url": "https://vidjoy.pro/embed/tv/93741/2/3"
                    }
                  ]
                },
                {
                  "Episode": 4,
                  "Title": "Salvation",
                  "Duration": "24:00",
                  "Description": "A bonfire in the distance signals that the campers have company: a pair of posh eco-tourists and their disgruntled security guy. But can they be trusted?",
                  "Thumbnail": "https://image.tmdb.org/t/p/w500/dNjKnMuA6YQz3qIalEgSlOrjowG.jpg",
                  "Servers": [
                    {
                      "name": "VidSrc 1080p",
                      "url": "https://vidsrc.net/embed/tv/93741/2/4"
                    },
                    {
                      "name": "VidJoy 1080p",
                      "url": "https://vidjoy.pro/embed/tv/93741/2/4"
                    }
                  ]
                },
                {
                  "Episode": 5,
                  "Title": "Brave",
                  "Duration": "24:00",
                  "Description": "The campers reunite with a long-lost friend, who shares an inspiring story — then reveals that Mitch, Tiff and Hap aren't who they seem.",
                  "Thumbnail": "https://image.tmdb.org/t/p/w500/yzIlvmj1uKON4qSPSJJAIUrUfEi.jpg",
                  "Servers": [
                    {
                      "name": "VidSrc 1080p",
                      "url": "https://vidsrc.net/embed/tv/93741/2/5"
                    },
                    {
                      "name": "VidJoy 1080p",
                      "url": "https://vidjoy.pro/embed/tv/93741/2/5"
                    }
                  ]
                },
                {
                  "Episode": 6,
                  "Title": "Misguided",
                  "Duration": "24:00",
                  "Description": "Darius must make a difficult choice to save Sammy and Yasmina. Meanwhile, the remaining campers are trying to decide if Hap is a friend... or a foe.",
                  "Thumbnail": "https://image.tmdb.org/t/p/w500/sCzifZnnoPMGefAPI4jDz8di0mY.jpg",
                  "Servers": [
                    {
                      "name": "VidSrc 1080p",
                      "url": "https://vidsrc.net/embed/tv/93741/2/6"
                    },
                    {
                      "name": "VidJoy 1080p",
                      "url": "https://vidjoy.pro/embed/tv/93741/2/6"
                    }
                  ]
                },
                {
                  "Episode": 7,
                  "Title": "Step One",
                  "Duration": "24:00",
                  "Description": "Brooklynn, Ben, Kenji and Yasmina work to uncover a secret and restore power to the park as Darius leads Mitch and Tiff straight into a T. rex trap.",
                  "Thumbnail": "https://image.tmdb.org/t/p/w500/dC1flLmsiNpb3Sh4xMOr9a7NNk1.jpg",
                  "Servers": [
                    {
                      "name": "VidSrc 1080p",
                      "url": "https://vidsrc.net/embed/tv/93741/2/7"
                    },
                    {
                      "name": "VidJoy 1080p",
                      "url": "https://vidjoy.pro/embed/tv/93741/2/7"
                    }
                  ]
                },
                {
                  "Episode": 8,
                  "Title": "Chaos Theory",
                  "Duration": "24:00",
                  "Description": "A guilty Darius is determined to protect the island's innocent dinos — even if he has to do it all alone. But with luck, maybe he won't have to...",
                  "Thumbnail": "https://image.tmdb.org/t/p/w500/qR9D1ZhfnptdEo6mk17CXXi6fYD.jpg",
                  "Servers": [
                    {
                      "name": "VidSrc 1080p",
                      "url": "https://vidsrc.net/embed/tv/93741/2/8"
                    },
                    {
                      "name": "VidJoy 1080p",
                      "url": "https://vidjoy.pro/embed/tv/93741/2/8"
                    }
                  ]
                }
              ]
            },
            {
              "Season": 3,
              "SeasonPoster": "https://image.tmdb.org/t/p/w500/nkCbCmlwjwT6QL44DqG7qE9ch8H.jpg",
              "Episodes": [
                {
                  "Episode": 1,
                  "Title": "View from the Top",
                  "Duration": "24:00",
                  "Description": "The campers catch a lift to Lookout Point in search of materials to make a sail, then must quickly find a way back down. Ben worries about leaving Bumpy.",
                  "Thumbnail": "https://image.tmdb.org/t/p/w500/uZA8vq348plTnHCEeGrfypO18ys.jpg",
                  "Servers": [
                    {
                      "name": "VidSrc 1080p",
                      "url": "https://vidsrc.net/embed/tv/93741/3/1"
                    },
                    {
                      "name": "VidJoy 1080p",
                      "url": "https://vidjoy.pro/embed/tv/93741/3/1"
                    }
                  ]
                },
                {
                  "Episode": 2,
                  "Title": "Safe Harbor",
                  "Duration": "24:00",
                  "Description": "After finding Mitch and Tiff's abandoned yacht, the happy campers celebrate. But the party's over when something big goes bump in the night.",
                  "Thumbnail": "https://image.tmdb.org/t/p/w500/qt8GaPK15YMHOrOJcd8ywt5yaWa.jpg",
                  "Servers": [
                    {
                      "name": "VidSrc 1080p",
                      "url": "https://vidsrc.net/embed/tv/93741/3/2"
                    },
                    {
                      "name": "VidJoy 1080p",
                      "url": "https://vidjoy.pro/embed/tv/93741/3/2"
                    }
                  ]
                },
                {
                  "Episode": 3,
                  "Title": "Casa De Kenji",
                  "Duration": "24:00",
                  "Description": "Kenji takes the campers to his father's penthouse to gather supplies — but they've soon got company. Sammy reflects on what life must be like back home.",
                  "Thumbnail": "https://image.tmdb.org/t/p/w500/axW9M9XiDdmwKyvcmR7XooXXfmz.jpg",
                  "Servers": [
                    {
                      "name": "VidSrc 1080p",
                      "url": "https://vidsrc.net/embed/tv/93741/3/3"
                    },
                    {
                      "name": "VidJoy 1080p",
                      "url": "https://vidjoy.pro/embed/tv/93741/3/3"
                    }
                  ]
                },
                {
                  "Episode": 4,
                  "Title": "Clever Girl",
                  "Duration": "24:00",
                  "Description": "A thrilling chase brings Darius, Kenji and Yaz to the old Jurassic Park Visitors Center. Elsewhere on the island, Brooklynn and Sammy find a secret lab.",
                  "Thumbnail": "https://image.tmdb.org/t/p/w500/vTdlUP8IGTcbxSSYr0o2lNOuAMV.jpg",
                  "Servers": [
                    {
                      "name": "VidSrc 1080p",
                      "url": "https://vidsrc.net/embed/tv/93741/3/4"
                    },
                    {
                      "name": "VidJoy 1080p",
                      "url": "https://vidjoy.pro/embed/tv/93741/3/4"
                    }
                  ]
                },
                {
                  "Episode": 5,
                  "Title": "Eye of the Storm",
                  "Duration": "24:00",
                  "Description": "Sammy and Brooklynn rush to warn the others about a sinister new threat while Darius, unaware of the danger, searches for his dad's favorite dinosaur.",
                  "Thumbnail": "https://image.tmdb.org/t/p/w500/uctsGlFRgO7AOjxdkoS3vnzbhPq.jpg",
                  "Servers": [
                    {
                      "name": "VidSrc 1080p",
                      "url": "https://vidsrc.net/embed/tv/93741/3/5"
                    },
                    {
                      "name": "VidJoy 1080p",
                      "url": "https://vidjoy.pro/embed/tv/93741/3/5"
                    }
                  ]
                },
                {
                  "Episode": 6,
                  "Title": "The Long Run",
                  "Duration": "24:00",
                  "Description": "As a poisoned camper fights to survive, it's up to Yaz — the fastest among them — to fetch the antidote before it's too late.",
                  "Thumbnail": "https://image.tmdb.org/t/p/w500/tbcqI9DFm5fZYd5SFQ9SlUMORqh.jpg",
                  "Servers": [
                    {
                      "name": "VidSrc 1080p",
                      "url": "https://vidsrc.net/embed/tv/93741/3/6"
                    },
                    {
                      "name": "VidJoy 1080p",
                      "url": "https://vidjoy.pro/embed/tv/93741/3/6"
                    }
                  ]
                },
                {
                  "Episode": 7,
                  "Title": "A Shock to the System",
                  "Duration": "24:00",
                  "Description": "It's crunch time for the campers to get to the boat and make their escape... until Ben disappears, deciding he'd rather stay. Can Darius change his mind?",
                  "Thumbnail": "https://image.tmdb.org/t/p/w500/i1EOhkhtmAVNPB1ZfTI88KLOUKX.jpg",
                  "Servers": [
                    {
                      "name": "VidSrc 1080p",
                      "url": "https://vidsrc.net/embed/tv/93741/3/7"
                    },
                    {
                      "name": "VidJoy 1080p",
                      "url": "https://vidjoy.pro/embed/tv/93741/3/7"
                    }
                  ]
                },
                {
                  "Episode": 8,
                  "Title": "Escape from Isla Nublar",
                  "Duration": "24:00",
                  "Description": "With multiple threats running rampant on the island, dinosaur lover Darius must put his feelings aside and make a difficult decision.",
                  "Thumbnail": "https://image.tmdb.org/t/p/w500/mMCJsSjZU6znGUofSLeigkpcVsr.jpg",
                  "Servers": [
                    {
                      "name": "VidSrc 1080p",
                      "url": "https://vidsrc.net/embed/tv/93741/3/8"
                    },
                    {
                      "name": "VidJoy 1080p",
                      "url": "https://vidjoy.pro/embed/tv/93741/3/8"
                    }
                  ]
                },
                {
                  "Episode": 9,
                  "Title": "Whatever It Takes",
                  "Duration": "24:00",
                  "Description": "The group is forced to switch gears when a familiar face returns to Isla Nublar. Now, getting off the island is no longer the most important thing.",
                  "Thumbnail": "https://image.tmdb.org/t/p/w500/jh8590HzA3FP7Kkile1jovaeSw9.jpg",
                  "Servers": [
                    {
                      "name": "VidSrc 1080p",
                      "url": "https://vidsrc.net/embed/tv/93741/3/9"
                    },
                    {
                      "name": "VidJoy 1080p",
                      "url": "https://vidjoy.pro/embed/tv/93741/3/9"
                    }
                  ]
                },
                {
                  "Episode": 10,
                  "Title": "Stay on Mission",
                  "Duration": "24:00",
                  "Description": "With Brooklynn being held prisoner, the remaining campers hatch a plan to rescue her — and it won't be easy.",
                  "Thumbnail": "https://image.tmdb.org/t/p/w500/u6q8VUXmOhEIlwQ0NK8GOZdYfsz.jpg",
                  "Servers": [
                    {
                      "name": "VidSrc 1080p",
                      "url": "https://vidsrc.net/embed/tv/93741/3/10"
                    },
                    {
                      "name": "VidJoy 1080p",
                      "url": "https://vidjoy.pro/embed/tv/93741/3/10"
                    }
                  ]
                }
              ]
            },
            {
              "Season": 4,
              "SeasonPoster": "https://image.tmdb.org/t/p/w500/nkCbCmlwjwT6QL44DqG7qE9ch8H.jpg",
              "Episodes": [
                {
                  "Episode": 1,
                  "Title": "Beneath the Surface",
                  "Duration": "24:00",
                  "Description": "Out at sea, the campers see sunny skies... then discover a stowaway on board. A surprise attack from the deep leaves them stranded on unfamiliar shores.",
                  "Thumbnail": "https://image.tmdb.org/t/p/w500/h6U70rlnodqrpTBPucKGbSFqSqp.jpg",
                  "Servers": [
                    {
                      "name": "VidSrc 1080p",
                      "url": "https://vidsrc.net/embed/tv/93741/4/1"
                    },
                    {
                      "name": "VidJoy 1080p",
                      "url": "https://vidjoy.pro/embed/tv/93741/4/1"
                    }
                  ]
                },
                {
                  "Episode": 2,
                  "Title": "At Least...",
                  "Duration": "24:00",
                  "Description": "The weary crew dodges danger in the desert while trying to figure out where they are. But they unearth more questions than answers.",
                  "Thumbnail": "https://image.tmdb.org/t/p/w500/ikXNfDDRUj0YYWBPhvvOg1OZYeZ.jpg",
                  "Servers": [
                    {
                      "name": "VidSrc 1080p",
                      "url": "https://vidsrc.net/embed/tv/93741/4/2"
                    },
                    {
                      "name": "VidJoy 1080p",
                      "url": "https://vidjoy.pro/embed/tv/93741/4/2"
                    }
                  ]
                },
                {
                  "Episode": 3,
                  "Title": "Turning Dr. Turner",
                  "Duration": "24:00",
                  "Description": "A strange tunnel takes the teens to a lush forest, where they meet a mysterious scientist studying dino behavior. The question is: Can they trust her?",
                  "Thumbnail": "https://image.tmdb.org/t/p/w500/P1cEyfT8H5Y0IS3gF6kpI93Dka.jpg",
                  "Servers": [
                    {
                      "name": "VidSrc 1080p",
                      "url": "https://vidsrc.net/embed/tv/93741/4/3"
                    },
                    {
                      "name": "VidJoy 1080p",
                      "url": "https://vidjoy.pro/embed/tv/93741/4/3"
                    }
                  ]
                },
                {
                  "Episode": 4,
                  "Title": "Rude Awakening",
                  "Duration": "24:00",
                  "Description": "With Dr. Turner's help, the campers hatch a plan to get off the island that finds them crossing a snowy arctic biome — and making a selfless rescue.",
                  "Thumbnail": "https://image.tmdb.org/t/p/w500/fpuSI14g7KD8NsuQimxwAKxVJ5.jpg",
                  "Servers": [
                    {
                      "name": "VidSrc 1080p",
                      "url": "https://vidsrc.net/embed/tv/93741/4/4"
                    },
                    {
                      "name": "VidJoy 1080p",
                      "url": "https://vidjoy.pro/embed/tv/93741/4/4"
                    }
                  ]
                },
                {
                  "Episode": 5,
                  "Title": "The Long Game",
                  "Duration": "24:00",
                  "Description": "After learning the truth about Mae's boss, Sammy's ready to go rogue to take him down... just as Mae gets ready to confront him. Cue the killer robots!",
                  "Thumbnail": "https://image.tmdb.org/t/p/w500/7zgiNWpmqZVzKVS2j1ruTX4GzTn.jpg",
                  "Servers": [
                    {
                      "name": "VidSrc 1080p",
                      "url": "https://vidsrc.net/embed/tv/93741/4/5"
                    },
                    {
                      "name": "VidJoy 1080p",
                      "url": "https://vidjoy.pro/embed/tv/93741/4/5"
                    }
                  ]
                },
                {
                  "Episode": 6,
                  "Title": "Mission Critical",
                  "Duration": "24:00",
                  "Description": "With Mae in serious condition and Kash's end game clear, the campers vow to save the dinosaurs and stop Mantah Corp. But evil BRADs are everywhere.",
                  "Thumbnail": "https://image.tmdb.org/t/p/w500/hV1YRyz7cuPAQO6Xjx83RqEssmP.jpg",
                  "Servers": [
                    {
                      "name": "VidSrc 1080p",
                      "url": "https://vidsrc.net/embed/tv/93741/4/6"
                    },
                    {
                      "name": "VidJoy 1080p",
                      "url": "https://vidjoy.pro/embed/tv/93741/4/6"
                    }
                  ]
                },
                {
                  "Episode": 7,
                  "Title": "Staying Alive",
                  "Duration": "24:00",
                  "Description": "Darius has to think fast to distract Kash and protect the others, so he pretends to hate dinos as much as Kash does — while learning everything he can.",
                  "Thumbnail": "https://image.tmdb.org/t/p/w500/hBq8gR6eMoLtixwS8xjGI8rCi4Z.jpg",
                  "Servers": [
                    {
                      "name": "VidSrc 1080p",
                      "url": "https://vidsrc.net/embed/tv/93741/4/7"
                    },
                    {
                      "name": "VidJoy 1080p",
                      "url": "https://vidjoy.pro/embed/tv/93741/4/7"
                    }
                  ]
                },
                {
                  "Episode": 8,
                  "Title": "Technical Difficulties",
                  "Duration": "24:00",
                  "Description": "Brooklynn must devise a hack to help Darius, who's being tailed by an upgraded BRAD-X. Meanwhile, Kash prepares to woo a group of dangerous investors.",
                  "Thumbnail": "https://image.tmdb.org/t/p/w500/3rsDbBzDyOQ23MieAFUWUZYvEJE.jpg",
                  "Servers": [
                    {
                      "name": "VidSrc 1080p",
                      "url": "https://vidsrc.net/embed/tv/93741/4/8"
                    },
                    {
                      "name": "VidJoy 1080p",
                      "url": "https://vidjoy.pro/embed/tv/93741/4/8"
                    }
                  ]
                },
                {
                  "Episode": 9,
                  "Title": "Dino-Sitting",
                  "Duration": "24:00",
                  "Description": "Darius keeps Kash busy with competitive video gaming while the others break into the nursery. Yaz asks Brooklynn how she feels about Kenji.",
                  "Thumbnail": "https://image.tmdb.org/t/p/w500/ypNGK8zruzxeOnTTeaLnhh88tYi.jpg",
                  "Servers": [
                    {
                      "name": "VidSrc 1080p",
                      "url": "https://vidsrc.net/embed/tv/93741/4/9"
                    },
                    {
                      "name": "VidJoy 1080p",
                      "url": "https://vidjoy.pro/embed/tv/93741/4/9"
                    }
                  ]
                },
                {
                  "Episode": 10,
                  "Title": "Taking Control",
                  "Duration": "24:00",
                  "Description": "Ben's refusal to bond with a new friend leads to regret — and a realization that it's time to take Kash down. Kenji and Brooklynn face their feelings.",
                  "Thumbnail": "https://image.tmdb.org/t/p/w500/9H2r3KaSOBQOptWJfSnGHcQ1YEk.jpg",
                  "Servers": [
                    {
                      "name": "VidSrc 1080p",
                      "url": "https://vidsrc.net/embed/tv/93741/4/10"
                    },
                    {
                      "name": "VidJoy 1080p",
                      "url": "https://vidjoy.pro/embed/tv/93741/4/10"
                    }
                  ]
                },
                {
                  "Episode": 11,
                  "Title": "Who's the Boss?",
                  "Duration": "24:00",
                  "Description": "Just when it feels like things are getting back to normal, Kash's boss arrives on Mantah Corp. island and begins moving forward with a devastating plan.",
                  "Thumbnail": "https://image.tmdb.org/t/p/w500/o5hMgw9FfeVzAn0wyvD4bviPLfO.jpg",
                  "Servers": [
                    {
                      "name": "VidSrc 1080p",
                      "url": "https://vidsrc.net/embed/tv/93741/4/11"
                    },
                    {
                      "name": "VidJoy 1080p",
                      "url": "https://vidjoy.pro/embed/tv/93741/4/11"
                    }
                  ]
                }
              ]
            },
            {
              "Season": 5,
              "SeasonPoster": "https://image.tmdb.org/t/p/w500/nkCbCmlwjwT6QL44DqG7qE9ch8H.jpg",
              "Episodes": [
                {
                  "Episode": 1,
                  "Title": "Reunited",
                  "Duration": "24:00",
                  "Description": "Kenji's thrilled to see his father - and eager to prove himself. Elsewhere, Sammy and Brooklynn team up to find out what happened to Sammy's family.",
                  "Thumbnail": "https://image.tmdb.org/t/p/w500/4cIJsIFeEnGK8Eg9AeHvc9PUOvT.jpg",
                  "Servers": [
                    {
                      "name": "VidSrc 1080p",
                      "url": "https://vidsrc.net/embed/tv/93741/5/1"
                    },
                    {
                      "name": "VidJoy 1080p",
                      "url": "https://vidjoy.pro/embed/tv/93741/5/1"
                    }
                  ]
                },
                {
                  "Episode": 2,
                  "Title": "The Final Test",
                  "Duration": "24:00",
                  "Description": "A cryptic clue prompts Brooklynn, Darius and Ben to dig into Mr. Kon's motives. Kenji plans a date with Brooklynn while helping his dad prep for a party.",
                  "Thumbnail": "https://image.tmdb.org/t/p/w500/2c3zGaoMqQ2GWSoFd5JgCwEbxPR.jpg",
                  "Servers": [
                    {
                      "name": "VidSrc 1080p",
                      "url": "https://vidsrc.net/embed/tv/93741/5/2"
                    },
                    {
                      "name": "VidJoy 1080p",
                      "url": "https://vidjoy.pro/embed/tv/93741/5/2"
                    }
                  ]
                },
                {
                  "Episode": 3,
                  "Title": "Battle Lines",
                  "Duration": "24:00",
                  "Description": "Kenji asks his friends to back off and stay out of his father's business. But to save the island's dinos, they're willing to risk breaking his trust.",
                  "Thumbnail": "https://image.tmdb.org/t/p/w500/eK9Pj96QgEmUlhc6gv8vK3aUjIx.jpg",
                  "Servers": [
                    {
                      "name": "VidSrc 1080p",
                      "url": "https://vidsrc.net/embed/tv/93741/5/3"
                    },
                    {
                      "name": "VidJoy 1080p",
                      "url": "https://vidjoy.pro/embed/tv/93741/5/3"
                    }
                  ]
                },
                {
                  "Episode": 4,
                  "Title": "Evasive Action",
                  "Duration": "24:00",
                  "Description": "A stunning betrayal lands the friends in lockdown, where they unpack their feelings and plot their escape. Kenji follows his father to Isla Nublar.",
                  "Thumbnail": "https://image.tmdb.org/t/p/w500/92O71qTX1TWbHowJJ8h5dbrro8k.jpg",
                  "Servers": [
                    {
                      "name": "VidSrc 1080p",
                      "url": "https://vidsrc.net/embed/tv/93741/5/4"
                    },
                    {
                      "name": "VidJoy 1080p",
                      "url": "https://vidjoy.pro/embed/tv/93741/5/4"
                    }
                  ]
                },
                {
                  "Episode": 5,
                  "Title": "Shaky Ground",
                  "Duration": "24:00",
                  "Description": "Something unsettling is sending the dinos into a frenzy. Darius and Brooklynn pour their energies into problem-solving. Kenji chooses sides.",
                  "Thumbnail": "https://image.tmdb.org/t/p/w500/ufv0LTqqrMHItyKrfXEYBslKT9n.jpg",
                  "Servers": [
                    {
                      "name": "VidSrc 1080p",
                      "url": "https://vidsrc.net/embed/tv/93741/5/5"
                    },
                    {
                      "name": "VidJoy 1080p",
                      "url": "https://vidjoy.pro/embed/tv/93741/5/5"
                    }
                  ]
                },
                {
                  "Episode": 6,
                  "Title": "Out of the Pack",
                  "Duration": "23:00",
                  "Description": "Kenji accepts an important assignment - and drives straight into danger. Back on Mantah Corp. Island, the others race to ruin Mr, Kon's plans.",
                  "Thumbnail": "https://image.tmdb.org/t/p/w500/aMIL5p2wNy2wJIy4S5p1GqeNCt6.jpg",
                  "Servers": [
                    {
                      "name": "VidSrc 1080p",
                      "url": "https://vidsrc.net/embed/tv/93741/5/6"
                    },
                    {
                      "name": "VidJoy 1080p",
                      "url": "https://vidjoy.pro/embed/tv/93741/5/6"
                    }
                  ]
                },
                {
                  "Episode": 7,
                  "Title": "The Leap",
                  "Duration": "23:00",
                  "Description": "The Kids come up with a plan to protect the dinosaurs. Left on her own, Sammy will have to rely on her own strength. Yaz opens up to Ben.",
                  "Thumbnail": "https://image.tmdb.org/t/p/w500/jZFZ6nvUoBFDAb8YVSvMqlQlS6V.jpg",
                  "Servers": [
                    {
                      "name": "VidSrc 1080p",
                      "url": "https://vidsrc.net/embed/tv/93741/5/7"
                    },
                    {
                      "name": "VidJoy 1080p",
                      "url": "https://vidjoy.pro/embed/tv/93741/5/7"
                    }
                  ]
                },
                {
                  "Episode": 8,
                  "Title": "Clean Break",
                  "Duration": "24:00",
                  "Description": "An Increasingly suspicious Kenji starts looking into his father's activities. Mae works to break free from Kon's control and follow her heart.",
                  "Thumbnail": "https://image.tmdb.org/t/p/w500/vuxsA5JdejitpuoQTU0zi78hJJq.jpg",
                  "Servers": [
                    {
                      "name": "VidSrc 1080p",
                      "url": "https://vidsrc.net/embed/tv/93741/5/8"
                    },
                    {
                      "name": "VidJoy 1080p",
                      "url": "https://vidjoy.pro/embed/tv/93741/5/8"
                    }
                  ]
                },
                {
                  "Episode": 9,
                  "Title": "The Core",
                  "Duration": "23:00",
                  "Description": "Yaz is ready to tell Sammy the truth - but the island has other plans. A conflicted Darius worries that he's lost his way.",
                  "Thumbnail": "https://image.tmdb.org/t/p/w500/1MTLrN9zHGpcztxRvl2J6K3aqkd.jpg",
                  "Servers": [
                    {
                      "name": "VidSrc 1080p",
                      "url": "https://vidsrc.net/embed/tv/93741/5/9"
                    },
                    {
                      "name": "VidJoy 1080p",
                      "url": "https://vidjoy.pro/embed/tv/93741/5/9"
                    }
                  ]
                },
                {
                  "Episode": 10,
                  "Title": "Arrival",
                  "Duration": "24:00",
                  "Description": "The friends must think fast to outwit Mr. Kon and his cronies. Ben sets out to rescue an old friend - and gets help from a surprising source.",
                  "Thumbnail": "https://image.tmdb.org/t/p/w500/3BCN2CQcb4Q9vVnooIttVIesEiY.jpg",
                  "Servers": [
                    {
                      "name": "VidSrc 1080p",
                      "url": "https://vidsrc.net/embed/tv/93741/5/10"
                    },
                    {
                      "name": "VidJoy 1080p",
                      "url": "https://vidjoy.pro/embed/tv/93741/5/10"
                    }
                  ]
                },
                {
                  "Episode": 11,
                  "Title": "The Last Stand",
                  "Duration": "24:00",
                  "Description": "A high-stakes battle begins for control of Mantah Corp. Island. Kenji's ready to rejoin his friends, but Darius isn't sure he can forgive him.",
                  "Thumbnail": "https://image.tmdb.org/t/p/w500/AitSoDVABh3QIACpokcz81exXim.jpg",
                  "Servers": [
                    {
                      "name": "VidSrc 1080p",
                      "url": "https://vidsrc.net/embed/tv/93741/5/11"
                    },
                    {
                      "name": "VidJoy 1080p",
                      "url": "https://vidjoy.pro/embed/tv/93741/5/11"
                    }
                  ]
                },
                {
                  "Episode": 12,
                  "Title": "The Nublar Six",
                  "Duration": "24:00",
                  "Description": "With the future of the Island at steak, the friends band together - and fight harder than ever before - to protect what's really important.",
                  "Thumbnail": "https://image.tmdb.org/t/p/w500/aCYbJeJcI4dNOutGE86W18DFcm7.jpg",
                  "Servers": [
                    {
                      "name": "VidSrc 1080p",
                      "url": "https://vidsrc.net/embed/tv/93741/5/12"
                    },
                    {
                      "name": "VidJoy 1080p",
                      "url": "https://vidjoy.pro/embed/tv/93741/5/12"
                    }
                  ]
                }
              ]
            }
          ]
        }
      ]
    }
  ]
}